current,High,Low,Mid
High,0.6666666666666666,0.1282051282051282,0.20512820512820512
Low,0.38095238095238093,0.3333333333333333,0.2857142857142857
Mid,0.0,0.038461538461538464,0.9615384615384616
