,Low,Mid,High
Low,0.7,0.175,0.125
Mid,0.3125,0.5625,0.125
High,0.0851063829787234,0.2127659574468085,0.7021276595744681
