,Low,Mid,High
Low,0.38461538461538464,0.3076923076923077,0.3076923076923077
Mid,0.2,0.4,0.4
High,0.18181818181818182,0.45454545454545453,0.36363636363636365
