group,n_drafters,overdraft_rate,underdraft_rate,aligned_rate
double,57,0.3333333333333333,0.631578947368421,0.03508771929824561
single,296,0.4966216216216216,0.47635135135135137,0.02702702702702703
