grp,mean,std,count
double,-0.0011746634137525976,0.034715625627118295,357
single,0.0012568077084206112,0.028225182795512237,2156
zero,-0.0005194933702750839,0.029216089837619485,2608
