grp,n,drafters,pdx4_prev_median,need_rank_median,perf_rank_prev_median,need_pct_median,perf_pct_prev_median
double,57,57,-0.1524074769832831,14.0,19.0,0.5806451612903226,0.4193548387096774
single,296,296,0.055131426568333,17.0,16.0,0.4838709677419355,0.5161290322580645
zero,445,0,0.0135834308622935,17.0,16.0,0.4838709677419355,0.5161290322580645
