grp,mean,std,count
double,-0.5882352941176471,9.980333602817565,51
single,0.09966777408637874,10.947603994600428,301
