grp,mean,std,count
double,0.15971640488409658,0.015918240115153793,384
single,0.8402835951159034,0.01591824011515379,384
