grp,mean,std,count
double,0.0012908232522244754,0.001050601784310516,148849
single,0.0012871996036982506,0.0010504776520536307,149054
