grp,Mean_DCI,Std_DCI,Num_Teams
double,0.00434023961497841,0.02694365272802513,23
single,0.0025034156489138677,0.01391845873884968,136
zero,8.925199725950465e-05,0.0034776663265035043,161
