grp,mean,std,count
double,-0.01612903225806451,0.37053270424019313,26
single,0.019082235347569282,0.32701493381821695,142
zero,-0.012447405329593264,0.33651892612060175,184
